{
    "accuracy": 0.52,
    "precision": 0.5116279069767442,
    "recall": 0.4489795918367347,
    "auc": 0.5230092036814726
}